onset	duration	run_number	trial_number	image_contrast	image_num
7077.170392	32.0087798	8	57	2	8
7109.309013	32.0035505	8	58	1	4
7141.445375	31.9956805	8	59	2	3
7173.574545	31.9978328	8	60	1	21
7205.730255	31.9996993	8	61	1	36
7237.882487	31.9966071	8	62	1	32
7270.044542	31.9958494	8	63	2	29
7302.189615	29.9961267	8	64	2	34
