onset	duration	run_number	trial_number	image_contrast	image_num
5425.723512	32.0271986	3	17	2	4
5457.89505	32.0032427	3	18	1	9
5490.064035	31.996793	3	19	2	40
5522.200677	31.9960222	3	20	1	14
5554.373105	32.0075603	3	21	1	27
5586.525094	32.003695	3	22	1	30
5618.661466	31.9996296	3	23	2	21
5650.807021	29.9965373	3	24	2	13
