onset	duration	run_number	trial_number	image_contrast	image_num
1129.304081	32.0751629	1	1	1	34
1161.53352	32.002899	1	2	1	37
1193.703372	31.9962084	1	3	1	8
1225.856315	31.9961692	1	4	1	24
1258.018364	32.0005509	1	5	2	39
1290.197294	31.9958007	1	6	2	33
1322.360065	31.9980111	1	7	1	1
1354.538097	30.0089152	1	8	1	12
