onset	duration	run_number	trial_number	image_contrast	image_num
5700.201357	32.016864	4	25	2	25
5732.372707	32.0023662	4	26	2	17
5764.516978	31.9958526	4	27	2	27
5796.687616	31.9961725	4	28	1	6
5828.840638	32.0095103	4	29	2	20
5861.012279	31.9989321	4	30	2	24
5893.190481	31.9951519	4	31	1	31
5925.335441	29.9963892	4	32	1	20
