onset	duration	run_number	trial_number	image_contrast	image_num
7354.549648	32.009419	9	65	2	10
7386.688151	32.0038229	9	66	1	22
7418.882674	31.9964114	9	67	1	10
7451.028941	31.9957859	9	68	2	30
7483.209238	32.0081695	9	69	2	7
7515.39641	32.0068298	9	70	1	23
7547.556913	31.9962792	9	71	1	3
7579.695025	29.9951347	9	72	1	33
