onset	duration	run_number	trial_number	image_contrast	image_num
6263.538994	32.0093571	6	41	2	35
6295.735747	31.9960337	6	42	2	14
6327.897092	31.9966054	6	43	2	23
6360.026988	31.9954776	6	44	1	2
6392.215593	32.0068753	6	45	2	1
6424.35155	31.9982056	6	46	1	15
6456.53095	31.997765	6	47	2	2
6488.667244	29.9971691	6	48	2	31
