onset	duration	run_number	trial_number	image_contrast	image_num
5979.778893	32.0086593	5	33	1	16
6011.950077	32.0035101	5	34	2	16
6044.086097	31.9960145	5	35	2	37
6076.206962	31.9962263	5	36	1	28
6108.37937	32.0089626	5	37	2	12
6140.539558	31.9984639	5	38	2	28
6172.685998	31.9985707	5	39	2	15
6204.830987	29.9964967	5	40	1	13
