onset	duration	run_number	trial_number	image_contrast	image_num
7645.103165	32.009371	10	73	1	29
7677.275086	32.0034309	10	74	1	26
7709.477406	31.9973291	10	75	1	11
7741.640243	31.9972691	10	76	1	40
7773.804104	32.0069863	10	77	1	7
7805.981574	31.9985914	10	78	2	5
7838.109846	31.9959451	10	79	1	35
7870.273827	29.997894	10	80	2	32
