onset	duration	run_number	trial_number	image_contrast	image_num
2218.53195	32.1121401	2	9	1	39
2250.810455	31.9959003	2	10	2	6
2282.989051	31.9956928	2	11	2	38
2315.158573	31.9955136	2	12	2	11
2347.338973	32.0084236	2	13	2	9
2379.483183	31.9974555	2	14	2	36
2411.66028	31.9961549	2	15	2	22
2443.790015	30.0051068	2	16	2	26
