onset	duration	run_number	trial_number	image_contrast	image_num
59679.24783	32.08686211	1	1	1	28
59711.36438	32.05129251	1	2	2	38
59743.44619	32.02000476	1	3	2	27
59775.51349	32.01752067	1	4	1	14
59807.57876	32.01024033	1	5	2	16
59839.61125	32.01030506	1	6	2	2
59871.64461	31.99961168	1	7	2	11
59903.66061	30.00086371	1	8	2	26
