onset	duration	run_number	trial_number	image_contrast	image_num
59963.82939	32.04384249	2	9	1	15
59995.91463	32.09955363	2	10	1	30
60028.04516	32.06868099	2	11	2	13
60060.16122	32.00259249	2	12	1	10
60092.21065	32.07677084	2	13	2	39
60124.30987	32.00942384	2	14	2	33
60156.34308	32.0506626	2	15	1	19
60188.42625	30.00065617	2	16	2	35
