onset	duration	run_number	trial_number	image_contrast	image_num
6793.959731	32.0094228	7	49	1	18
6826.155942	32.003698	7	50	2	19
6858.325046	31.9970443	7	51	1	17
6890.504014	31.9958463	7	52	1	19
6922.684328	32.0172416	7	53	1	25
6954.828864	31.9987791	7	54	1	5
6986.983836	31.9947632	7	55	1	38
7019.152969	29.9992434	7	56	2	18
